{
  "version": "1.0",
  "defaultProvider": "cdnjs",
  "libraries": [
    {
      "library": "twitter-bootstrap@4.6.0",
      "destination": "wwwroot/lib/bootstrap/"
    },
    {
      "library": "jquery@3.6.0",
      "destination": "wwwroot/lib/jquery/"
    },
    {
      "library": "jquery-validate@1.19.2",
      "destination": "wwwroot/lib/jquery-validate/"
    },
    {
      "library": "jquery-validation-unobtrusive@3.2.12",
      "destination": "wwwroot/lib/jquery-validation-unobtrusive/"
    }
  ]
}